{
    "email.tooltip.show": {
        "description": "",
        "owners": [
            "emanuele"
        ],
        "triggers": [
            "other"
        ],
        "suffixes": [
            "extension",
            "browser"
        ],
        "parameters": [
            {
                "key": "cohort",
                "description": "Beta cohort"
            },
            {
                "key": "duck_address_last_used",
                "description": "",
                "anyOf": [
                    {
                      "type": "string",
                      "format": "date"
                    },
                    {
                      "type": "string",
                      "maxLength": 0
                    },
                    {
                        "type": "string",
                        "description": "alternate date format",
                        "pattern": "^[0-9]{1,2}\/[0-9]{1,2}\/([0-9]{2}|[0-9]{4})$"
                    }
                  ]
            }
        ]
    }
}