{
    "experiment.enroll": {
        "description": "Triggered when an user is enrolled in an A/B/N experiment.",
        "owners": [
            "smacbeth"
        ],
        "triggers": [
            "startup"
        ],
        "suffixes": [
            {
                "description": "Experiment user is being enrolled in: equal to the sub feature name",
                "type": "string"
            },
            {
                "description": "Cohort the user has chosen",
                "type": "string"
            },
            "extension",
            "browser"
        ],
        "parameters": [
            {
                "key": "enrollmentDate",
                "description": "Date the enrollment happened.",
                "format": "date"
            }
        ]
    },
    "experiment.metrics": {
        "description": "Triggered when user converted on a given metric in the scope of an A/B/N experiment.",
        "owners": [
            "smacbeth"
        ],
        "triggers": [
            "startup",
            "user_submitted",
            "search_ddg"
        ],
        "suffixes": [
            {
                "description": "Experiment user is being enrolled in: equal to the sub feature name",
                "type": "string"
            },
            {
                "description": "Cohort the user has chosen",
                "type": "string"
            },
            "extension",
            "browser"
        ],
        "parameters": [
            {
                "key": "enrollmentDate",
                "description": "Date the enrollment happened.",
                "format": "date"
            },
            {
                "key": "metric",
                "description": "Name of the metric triggered (e.g. 'search')"
            },
            {
                "key": "conversionWindowDays",
                "description": "Conversion window the metric triggered in.",
                "pattern": "[0-9]+(-[0-9]+)?"
            },
            {
                "key": "value",
                "description": "Value associated with the metric, e.g. number of times it triggered within the period."
            }
        ]
    }
}