{"aggregateintelligence.com":"365Media","365dm.com":"365Media","365media.com":"365Media","4mads.com":"4mads","adkernel.com":"AdKernel","adality.de":"Adality","adrtx.net":"Adality","adforgeinc.com":"Adforge","adlucent.com":"Adlucent","admixer.co.kr":"Admixer","adscience.nl":"Adscience","adx1.com":"Adsty","adsty.com":"Adsty","4dsply.com":"Adsupply","adsupply.com":"Adsupply","adversal.com":"Adversal.com","adv-adserver.com":"Adversal.com","adventive.com":"Adventive","affinity.com":"Affinity","andbeyond.media":"AndBeyond","answers.com":"Answers.com","dsply.com":"Answers.com","appsflyer.com":"AppsFlyer","applovin.com":"Applovin","appier.com":"Appier","allstarmediagroup.com":"Allstarmediagroup","aloodo.com":"Aloodo","augur.io":"Augur","digitaltarget.ru":"Digital Target","directadvert.ru":"DirectAdvert","fluct.jp":"Fluct","adingo.jp":"Fluct","place":"Placeholder","adhigh.net":"GetIntent","getintent.com":"GetIntent","goldbachgroup.com":"Goldbach","goldbach.com":"Goldbach","lowermybills.com":"Lower My Bills","ppjol.net":"MyPressPlus","mypressplus.com":"MyPressPlus","postrelease.com":"Nativo","nativo.com":"Nativo","pagefair.com":"PageFair","pagefair.net":"PageFair","politads.com":"Politads","mediavoice.com":"Polar Mobile","polarmobile.com":"Polar Mobile","popunder.net":"Popunder","adotsolution.com":"Syrup Ad","adternal.com":"Tisoomi","tisoomi.com":"Tisoomi","triplelift.com":"TripleLift","3lift.com":"TripleLift","veeseo.com":"Veeseo","wishabi.com":"Wishabi","flipp.com":"Wishabi","wishabi.net":"Wishabi","yieldmo.com":"Yieldmo","adloox.com":"Adloox","adlooxtracking.com":"Adloox","adleave.com":"AdLeave","hotjar.com":"Hotjar","protected.media":"Protected Media","ad-score.com":"Protected Media","go-mpulse.net":"Soasta","facebook.com":"Facebook","facebook.de":"Facebook","facebook.fr":"Facebook","facebook.net":"Facebook","fb.com":"Facebook","fb.me":"Facebook","friendfeed.com":"Facebook","instagram.com":"Facebook","fbcdn.net":"Facebook","messenger.com":"Facebook","atlassolutions.com":"Facebook","akamaihd.net":"Facebook","abc.xyz":"Google","google.com":"Google","ingress.com":"Google","admeld.com":"Google","blogger.com":"Google","google-melange.com":"Google","google.ad":"Google","google.ae":"Google","google.com.af":"Google","google.com.ag":"Google","google.com.ai":"Google","google.al":"Google","google.am":"Google","google.co.ao":"Google","google.com.ar":"Google","google.as":"Google","google.at":"Google","google.com.au":"Google","google.az":"Google","google.ba":"Google","google.com.bd":"Google","google.be":"Google","google.bf":"Google","google.bg":"Google","google.com.bh":"Google","google.bi":"Google","google.bj":"Google","google.com.bn":"Google","google.com.bo":"Google","google.com.br":"Google","google.bs":"Google","google.bt":"Google","google.co.bw":"Google","google.by":"Google","google.com.bz":"Google","google.ca":"Google","google.cd":"Google","google.cf":"Google","google.cg":"Google","google.ch":"Google","google.ci":"Google","google.co.ck":"Google","google.cl":"Google","google.cm":"Google","google.cn":"Google","google.com.co":"Google","google.co.cr":"Google","google.com.cu":"Google","google.cv":"Google","google.com.cy":"Google","google.cz":"Google","google.de":"Google","google.dj":"Google","google.dk":"Google","google.dm":"Google","google.com.do":"Google","google.dz":"Google","google.com.ec":"Google","google.ee":"Google","google.com.eg":"Google","google.es":"Google","google.com.et":"Google","google.fi":"Google","google.com.fj":"Google","google.fm":"Google","google.fr":"Google","google.ga":"Google","google.ge":"Google","google.gg":"Google","google.com.gh":"Google","google.com.gi":"Google","google.gl":"Google","google.gm":"Google","google.gp":"Google","google.gr":"Google","google.com.gt":"Google","google.gy":"Google","google.com.hk":"Google","google.hn":"Google","google.hr":"Google","google.ht":"Google","google.hu":"Google","google.co.id":"Google","google.ie":"Google","google.co.il":"Google","google.im":"Google","google.co.in":"Google","google.iq":"Google","google.is":"Google","google.it":"Google","google.je":"Google","google.com.jm":"Google","google.jo":"Google","google.co.jp":"Google","google.co.ke":"Google","google.com.kh":"Google","google.ki":"Google","google.kg":"Google","google.co.kr":"Google","google.com.kw":"Google","google.kz":"Google","google.la":"Google","google.com.lb":"Google","google.li":"Google","google.lk":"Google","google.co.ls":"Google","google.lt":"Google","google.lu":"Google","google.lv":"Google","google.com.ly":"Google","google.co.ma":"Google","google.md":"Google","google.me":"Google","google.mg":"Google","google.mk":"Google","google.ml":"Google","google.com.mm":"Google","google.mn":"Google","google.ms":"Google","google.com.mt":"Google","google.mu":"Google","google.mv":"Google","google.mw":"Google","google.com.mx":"Google","google.com.my":"Google","google.co.mz":"Google","google.com.na":"Google","google.com.nf":"Google","google.com.ng":"Google","google.com.ni":"Google","google.ne":"Google","google.nl":"Google","google.no":"Google","google.com.np":"Google","google.nr":"Google","google.nu":"Google","google.co.nz":"Google","google.com.om":"Google","google.com.pa":"Google","google.com.pe":"Google","google.com.pg":"Google","google.com.ph":"Google","google.com.pk":"Google","google.pl":"Google","google.pn":"Google","google.com.pr":"Google","google.ps":"Google","google.pt":"Google","google.com.py":"Google","google.com.qa":"Google","google.ro":"Google","google.ru":"Google","google.rw":"Google","google.com.sa":"Google","google.com.sb":"Google","google.sc":"Google","google.se":"Google","google.com.sg":"Google","google.sh":"Google","google.si":"Google","google.sk":"Google","google.com.sl":"Google","google.sn":"Google","google.so":"Google","google.sm":"Google","google.st":"Google","google.com.sv":"Google","google.td":"Google","google.tg":"Google","google.co.th":"Google","google.com.tj":"Google","google.tk":"Google","google.tl":"Google","google.tm":"Google","google.tn":"Google","google.to":"Google","google.com.tr":"Google","google.tt":"Google","google.com.tw":"Google","google.co.tz":"Google","google.com.ua":"Google","google.co.ug":"Google","google.co.uk":"Google","google.com.uy":"Google","google.co.uz":"Google","google.com.vc":"Google","google.co.ve":"Google","google.vg":"Google","google.co.vi":"Google","google.com.vn":"Google","google.vu":"Google","google.ws":"Google","google.rs":"Google","google.co.za":"Google","google.co.zm":"Google","google.co.zw":"Google","google.cat":"Google","panoramio.com":"Google","youtube.com":"Google","2mdn.net":"Google","admob.com":"Google","cc-dt.com":"Google","destinationurl.com":"Google","doubleclick.net":"Google","gmail.com":"Google","google-analytics.com":"Google","googleadservices.com":"Google","googlemail.com":"Google","googlesyndication.com":"Google","googlevideo.com":"Google","googletagservices.com":"Google","invitemedia.com":"Google","postrank.com":"Google","smtad.net":"Google","apture.com":"Google","ggpht.com":"Google","gmodules.com":"Google","googleapis.com":"Google","googleusercontent.com":"Google","gstatic.com":"Google","recaptcha.net":"Google","googletagmanager.com":"Google","twitter.com":"Twitter","crashlytics.com":"Twitter","tweetdeck.com":"Twitter","twitter.jp":"Twitter","digits.com":"Twitter","fabric.io":"Twitter","backtype.com":"Twitter","twimg.com":"Twitter","ads-twitter.com":"Twitter","zypmedia.com":"ZypMedia","2leep.com":"2leep.com","33across.com":"33Across","tynt.com":"33Across","4info.com":"4INFO","adhaven.com":"4INFO","abaxinteractive.com":"Abax Interactive","accelia.net":"Accelia","durasite.net":"Accelia","accordantmedia.com":"Accordant Media","acquisio.com":"Acquisio","clickequations.net":"Acquisio","act-on.com":"Act-On","actonsoftware.com":"Act-On","actisens.com":"Actisens","gestionpub.com":"Actisens","activeconversion.com":"ActiveConversion","activemeter.com":"ActiveConversion","acuity.com":"Acuity","acuityads.com":"Acuity","acuityplatform.com":"Acuity","addecisive.com":"Ad Decisive","a2dfp.net":"Ad Decisive","addynamo.com":"Ad Dynamo","addynamo.net":"Ad Dynamo","adeurope.com":"AD Europe","adknife.com":"Ad Knife","admagnet.com":"Ad Magnet","admagnet.net":"Ad Magnet","adpepper.us":"ad pepper media","adpepper.com":"ad pepper media","ad2onegroup.com":"AD2ONE","ad4game.com":"Ad4Game","ad6media.fr":"ad6media","adaptiveads.com":"AdaptiveAds","adaptly.com":"Adaptly","adaramedia.com":"Adara Media","opinmind.com":"Adara Media","yieldoptimizer.com":"Adara Media","adatus.com":"Adatus","adbrain.com":"AdBrain","adbrn.com":"AdBrain","adbrite.com":"adBrite","adchemy.com":"Adchemy","adcirrus.com":"AdCirrus","addgloo.com":"addGloo","addvantagemedia.com":"Addvantage Media","adengage.com":"AdEngage","adextent.com":"AdExtent","adf.ly":"AdF.ly","adfonic.com":"Adfonic","adform.com":"Adform","adform.net":"Adform","adformdsp.net":"Adform","adfox.ru":"AdFox","adfrontiers.com":"AdFrontiers","adfunky.com":"Adfunky","adfunkyserver.com":"Adfunky","adfusion.com":"Adfusion","adgentdigital.com":"AdGent Digital","shorttailmedia.com":"AdGent Digital","adgibbon.com":"AdGibbon","adglare.net":"AdGlare","adglare.com":"AdGlare","adhood.com":"adhood","adiant.com":"Adiant","adblade.com":"Adiant","responsetap.com":"AdInsight","adinsight.com":"AdInsight","adinsight.eu":"AdInsight","adiquity.com":"AdIQuity","adition.com":"ADITION","adjug.com":"AdJug","adjuggler.com":"AdJuggler","adjuggler.net":"AdJuggler","keep.com":"AdKeeper","adkeeper.com":"AdKeeper","akncdn.com":"AdKeeper","adknowledge.com":"Adknowledge","adparlor.com":"Adknowledge","bidsystem.com":"Adknowledge","cubics.com":"Adknowledge","lookery.com":"Adknowledge","www.adlantis.jp":"AdLantis","adimg.net":"AdLantis","adlantis.jp":"AdLantis","adlibrium.com":"Adlibrium","admarketplace.com":"adMarketplace","admarketplace.net":"adMarketplace","ampxchange.com":"adMarketplace","admarvel.com":"AdMarvel","admaximizer.com":"AdMaximizer Network","admedia.com":"AdMedia","admeta.com":"Admeta","atemda.com":"Admeta","admicro.vn":"Admicro","vcmedia.vn":"Admicro","admized.com":"Admized","admotion.com":"Admotion","nspmotion.com":"Admotion","wtp101.com":"Adnetik","adnetik.com":"Adnetik","adnetwork.net":"AdNetwork.net","adnologies.com":"adnologies","heias.com":"adnologies","adobe.com":"Adobe","typekit.com":"Adobe","2o7.net":"Adobe","auditude.com":"Adobe","demdex.com":"Adobe","demdex.net":"Adobe","dmtracker.com":"Adobe","efrontier.com":"Adobe","everestads.net":"Adobe","everestjs.net":"Adobe","everesttech.net":"Adobe","fyre.co":"Adobe","hitbox.com":"Adobe","omniture.com":"Adobe","omtrdc.net":"Adobe","touchclarity.com":"Adobe","adobedtm.com":"Adobe","livefyre.com":"Adobe","adobetag.com":"Adobe","adocean-global.com":"AdOcean","adocean.pl":"AdOcean","adometry.com":"Adometry","dmtry.com":"Adometry","adonion.com":"AdOnion","clickotmedia.com":"Adorika","cdkglobal.com":"ADP Dealer Services","adpdealerservices.com":"ADP Dealer Services","admission.net":"ADP Dealer Services","cobalt.com":"ADP Dealer Services","adperfect.com":"AdPerfect","adotmob.com":"Adotmob","adperium.com":"Adperium","adpersia.com":"Adpersia","adprecision.net":"adPrecision","adprs.net":"adPrecision","aprecision.net":"adPrecision","adpredictive.com":"AdPredictive","adreactor.com":"AdReactor","digitalremedy.com":"AdReady","digitalremedy":"AdReady","adready.com":"AdReady","adreadytractions.com":"AdReady","adrevolution.com":"AdRevolution","adriver.ru":"AdRiver","contactimpact.de":"adrolays","adrolays.com":"adrolays","adrolays.de":"adrolays","adroll.com":"AdRoll","adsafemedia.com":"AdSafe Media","adsafeprotected.com":"AdSafe Media","stroeer.de":"adscale","adscale.de":"adscale","adserverpub.com":"AdServerPub","adshuffle.com":"AdShuffle","adside.com":"AdSide","doclix.com":"AdSide","adspeed.com":"AdSpeed","adspeed.net":"AdSpeed","adspirit.de":"AdSpirit","adspirit.com":"AdSpirit","adspirit.net":"AdSpirit","adstours.com":"AdsTours","clickintext.net":"AdsTours","adtech.com":"ADTECH","adtech.de":"ADTECH","adtechus.com":"ADTECH","adsperity.com":"Adsperity","adsrevenue.net":"Adsrevenue","adswizz.com":"Adswizz","adtegrity.com":"Adtegrity.com","adtegrity.net":"Adtegrity.com","adtelligence.de":"ADTELLIGENCE","adtiger.de":"AdTiger","adtruth.com":"AdTruth","adultadworld.com":"Adult AdWorld","adultmoda.com":"Adultmoda","adverline.com":"Adverline","adnext.fr":"Adverline","advertstream.com":"Advert Stream","advertise.com":"Advertise.com","advertisespace.com":"AdvertiseSpace","adsmart.com":"Adverticum","adverticum.com":"Adverticum","adverticum.net":"Adverticum","advisormedia.cz":"Advisormedia","adworx.at":"Adworx","adworx.be":"Adworx","adworx.nl":"Adworx","adxpansion.com":"AdXpansion","adyard.de":"adyard","adzcentral.com":"ADZ","adzly.com":"adzly","adzerk.com":"Adzerk","adzerk.net":"Adzerk","dentsuaegisnetwork.com":"Aegis Group","aemedia.com":"Aegis Group","bluestreak.com":"Aegis Group","aerifymedia.com":"AERIFY MEDIA","anonymous-media.com":"AERIFY MEDIA","affectv.co.uk":"Affectv","affili.net":"affilinet","affilinet-inside.de":"affilinet","banner-rotation.com":"affilinet","successfultogether.co.uk":"affilinet","affine.tv":"Affine","affinesystems.com":"Affine","afterdownload.com":"AfterDownload","afdads.com":"AfterDownload","aggregateknowledge.com":"AK","agkn.com":"AK","airpush.com":"Airpush","akamai.com":"Akamai","imiclk.com":"Akamai","abmr.net":"Akamai","edgesuite.net":"Akamai","amazon.com":"Amazon.com","amazon.ca":"Amazon.com","amazon.co.jp":"Amazon.com","amazon.co.uk":"Amazon.com","amazon.de":"Amazon.com","amazon.es":"Amazon.com","amazon.fr":"Amazon.com","amazon.it":"Amazon.com","amazon.in":"Amazon.com","amazon.com.au":"Amazon.com","amazon.com.mx":"Amazon.com","assoc-amazon.com":"Amazon.com","alexa.com":"Amazon.com","amazonaws.com":"Amazon.com","imdb.com":"Amazon.com","audible.com":"Amazon.com","audible.co.uk":"Amazon.com","audible.de":"Amazon.com","primevideo.com":"Amazon.com","shopbop.com":"Amazon.com","twitch.tv":"Amazon.com","zappos.com":"Amazon.com","amazon-adsystem.com":"Amazon.com","alexametrics.com":"Amazon.com","cloudfront.net":"Amazon.com","media-amazon.com":"Amazon.com","ssl-images-amazon.com":"Amazon.com","ambientdigital.com.vn":"Ambient Digital","adnetwork.vn":"Ambient Digital","amobee.com":"Amobee","smartclip.com":"Amobee","adconion.com":"Amobee","amgdgt.com":"Amobee","euroclick.com":"Amobee","turn.com":"Amobee","appenda.com":"Appenda","applifier.com":"Applifier","appnexus.com":"AppNexus","adlantic.nl":"AppNexus","adnxs.com":"AppNexus","adrdgt.com":"AppNexus","appssavvy.com":"appssavvy","whiskyandwines.com":"Arkwrights Homebrew","arkwrightshomebrew.com":"Arkwrights Homebrew","ctasnet.com":"Arkwrights Homebrew","atinternet.com":"AT Internet","hit-parade.com":"AT Internet","xiti.com":"AT Internet","att.com":"AT&T","yp.com":"AT&T","directv.com":"AT&T","atoomic.com":"Atoomic.com","atrinsic.com":"Atrinsic","audienceadnetwork.com":"Audience Ad Network","audience2media.com":"Audience2Media","audiencescience.com":"AudienceScience","revsci.net":"AudienceScience","targetingmarketplace.com":"AudienceScience","wunderloop.net":"AudienceScience","hipcricket.com":"Augme","augme.com":"Augme","autocentre.ua":"AUTOCENTRE.UA","am.ua":"AUTOCENTRE.UA","avalanchers.com":"Avalanchers","avantlink.com":"AvantLink","aweber.com":"AWeber","backbeatmedia.com":"BackBeat Media","bannerconnect.net":"Bannerconnect","barilliance.com":"Barilliance","baronsoffers.com":"BaronsNetworks","vix.com":"Batanga Network","corp.vix.com":"Batanga Network","batanga.com":"Batanga Network","batanganetwork.com":"Batanga Network","beanstockmedia.com":"Beanstock Media","beencounter.com":"beencounter","begun.ru":"Begun","belboon.com":"belboon","adbutler.de":"belboon","betgenius.com":"Betgenius","connextra.com":"Betgenius","bidswitch.net":"Bidswitch","bidswitch.com":"Bidswitch","bidvertiser.com":"BidVertiser","bigmir.net":"bigmir)net","binlayer.com":"BinLayer","bitcoinplus.com":"Bitcoin Plus","bittads.com":"BittAds","bizo.com":"Bizo","bizographics.com":"Bizo","blacklabelads.com":"Black Label Ads","blogcatalog.com":"BlogCatalog","theblogfrog.com":"BlogFrog","blogher.com":"BlogHer","blogherads.com":"BlogHer","blogrollr.com":"BlogRollr","bloom-hq.com":"BLOOM Digital Platforms","adgear.com":"BLOOM Digital Platforms","adgrx.com":"BLOOM Digital Platforms","bloomreach.com":"BloomReach","brcdn.com":"BloomReach","brsrvr.com":"BloomReach","blutrumpet.com":"Blu Trumpet","bluecava.com":"BlueCava","bluekai.com":"BlueKai","tracksimple.com":"BlueKai","bkrtx.com":"BlueKai","brainient.com":"Brainient","brandaffinity.net":"Brand Affinity Technologies","brand.net":"Brand.net","brandscreen.com":"Brandscreen","rtbidder.net":"Brandscreen","brighttag.com":"BrightTag","btstatic.com":"BrightTag","thebrighttag.com":"BrightTag","brilig.com":"Brilig","burstmedia.com":"Burst Media","burstbeacon.com":"Burst Media","burstdirectads.com":"Burst Media","burstnet.com":"Burst Media","giantrealm.com":"Burst Media","burstly.com":"Burstly","businessol.com":"BusinessOnline","buysellads.com":"BuySellAds","beaconads.com":"BuySellAds","buysight.com":"Buysight","permuto.com":"Buysight","pulsemgr.com":"Buysight","buzzparadise.com":"BuzzParadise","buzzcity.com":"BV! MEDIA","branchez-vous.com":"BV! MEDIA","bvmedia.ca":"BV! MEDIA","networldmedia.com":"BV! MEDIA","networldmedia.net":"BV! MEDIA","cadreon.com":"Cadreon","campaigngrid.com":"CampaignGrid","capitaldata.fr":"CAPITALDATA","www.caraytech.com.ar":"Caraytech","caraytech.com.ar":"Caraytech","e-planning.net":"Caraytech","casalemedia.com":"Casale Media","medianet.com":"Casale Media","cbproads.com":"CBproADS","chango.com":"Chango","chango.ca":"Chango","channelintelligence.com":"Channel Intelligence","channeladvisor.com":"ChannelAdvisor","searchmarketing.com":"ChannelAdvisor","cart.ro":"Cart.ro","statistics.ro":"Cart.ro","chartboost.com":"Chartboost","checkm8.com":"CheckM8","chitika.com":"Chitika","chitika.net":"Chitika","choicestream.com":"ChoiceStream","clearsaleing.com":"ClearSaleing","csdata1.com":"ClearSaleing","csdata2.com":"ClearSaleing","csdata3.com":"ClearSaleing","pathinteractive.com":"Clearsearch Media","clearsearchmedia.com":"Clearsearch Media","csm-secure.com":"Clearsearch Media","clearsightinteractive.com":"ClearSight Interactive","csi-tracking.com":"ClearSight Interactive","clickbooth.com":"Clickbooth","adtoll.com":"Clickbooth","clickaider.com":"ClickAider","clickdimensions.com":"ClickDimensions","clickdistrict.com":"ClickDistrict","creative-serving.com":"ClickDistrict","clickfuel.com":"ClickFuel","myconversionlab.com":"ClickFuel","conversiondashboard.com":"ClickFuel","clickinc.com":"ClickInc","clicksor.com":"Clicksor","clicksor.net":"Clicksor","clickwinks.com":"Clickwinks","clicmanager.fr":"ClicManager","clovenetwork.com":"Clove Network","cognitivematch.com":"Cognitive Match","cmads.com.tw":"Cognitive Match","cmadsasia.com":"Cognitive Match","cmadseu.com":"Cognitive Match","cmmeglobal.com":"Cognitive Match","coinhive.com":"CoinHive","coin-hive.com":"CoinHive","collective.com":"Collective","collective-media.net":"Collective","oggifinogi.com":"Collective","tumri.com":"Collective","tumri.net":"Collective","yt1187.net":"Collective","cj.com":"Commission Junction","apmebf.com":"Commission Junction","awltovhc.com":"Commission Junction","ftjcfx.com":"Commission Junction","kcdwa.com":"Commission Junction","qksz.com":"Commission Junction","qksz.net":"Commission Junction","tqlkg.com":"Commission Junction","yceml.net":"Commission Junction","compasslabs.com":"Compass Labs","comscore.com":"comScore","adxpose.com":"comScore","scorecardresearch.com":"comScore","sitestat.com":"comScore","voicefive.com":"comScore","certifica.com":"comScore","mdotlabs.com":"comScore","proximic.com":"comScore","proxilinks.com":"comScore","proximic.net":"comScore","communicatorcorp.com":"Communicator Corp","complexmedianetwork.com":"Complex Media","complex.com":"Complex Media","collider.com":"Complex Media","solecollector.com":"Complex Media","pigeonsandplanes.com":"Complex Media","theridechannel.com":"Complex Media","firstwefeast.com":"Complex Media","consiliummedia.com":"Consilium Media","contaxe.com":"CONTAXE","contextin.com":"CONTEXTin","admailtiser.com":"CONTEXTin","contextuads.com":"ContextuAds","agencytradingdesk.net":"ContextuAds","contextweb.com":"CONTEXTWEB","convergedirect.com":"ConvergeDirect","convergetrack.com":"ConvergeDirect","conversionruler.com":"ConversionRuler","conversive.nl":"Conversive","coremotives.com":"CoreMotives","novomotus.com":"Cox Digital Solutions","coxdigitalsolutions.com":"Cox Digital Solutions","adify.com":"Cox Digital Solutions","afy11.net":"Cox Digital Solutions","cpmstar.com":"CPMStar","cpxadroit.com":"CPX Interactive","cpx.to":"CPX Interactive","cpxinteractive.com":"CPX Interactive","adreadypixels.com":"CPX Interactive","creafi.com":"Creafi","crimtan.com":"Crimtan","crispmedia.com":"Crisp Media","criteo.com":"Criteo","criteo.net":"Criteo","hooklogic.com":"Criteo","hlserve.com":"Criteo","crosspixel.net":"Cross Pixel","crosspixelmedia.com":"Cross Pixel","crsspxl.com":"Cross Pixel","crypto-loot.com":"CryptoLoot","cxense.com":"cXense","emediate.com":"cXense","emediate.biz":"cXense","emediate.dk":"cXense","emediate.eu":"cXense","cya2.net":"Cya2.net","cyberplex.com":"Cyberplex","dada.eu":"Dada","dada.pro":"Dada","simply.com":"Dada","datalogix.com":"Datalogix","nexac.com":"Datalogix","nextaction.net":"Datalogix","dataxu.com":"DataXu","mexad.com":"DataXu","w55c.net":"DataXu","dataxu.net":"DataXu","datonics.com":"Datonics","pro-market.net":"Datonics","datranmedia.com":"Datran Media","displaymarketplace.com":"Datran Media","datvantage.com":"Datvantage","dc-storm.com":"DC Storm","stormiq.com":"DC Storm","dedicatedmedia.com":"Dedicated Media","dedicatednetworks.com":"Dedicated Media","delivr.com":"Delivr","percentmobile.com":"Delivr","leafgroup.com":"Demand Media","demandmedia.com":"Demand Media","indieclick.com":"Demand Media","deltaprojects.com":"Delta Projects","deltaprojects.se":"Delta Projects","adaction.se":"Delta Projects","de17a.com":"Delta Projects","dpdhl.com":"Deutsche Post DHL","dp-dhl.com":"Deutsche Post DHL","adcloud.com":"Deutsche Post DHL","adcloud.net":"Deutsche Post DHL","developermedia.com":"Developer Media","lqcdn.com":"Developer Media","dianomi.com":"dianomi","didit.com":"Didit","did-it.com":"Didit","digitalriver.com":"Digital River","keywordmax.com":"Digital River","netflame.cc":"Digital River","awin.com":"Digital Window","digitalwindow.com":"Digital Window","perfiliate.com":"Digital Window","digitize.ie":"Digitize","directresponsegroup.com":"Direct Response Group","ppctracking.net":"Direct Response Group","doublepimp.com":"DoublePimp","doublepositive.com":"DoublePositive","bid-tag.com":"DoublePositive","doubleverify.com":"DoubleVerify","drawbridge.com":"Drawbridge","drawbrid.ge":"Drawbridge","adsymptotic.com":"Drawbridge","ds-iq.com":"DS-IQ","dsnrmg.com":"DSNR Group","dsnrgroup.com":"DSNR Group","traffiliate.com":"DSNR Group","z5x.net":"DSNR Group","z5x.com":"DSNR Group","dynamicoxygen.com":"DynamicOxygen","exitjunction.com":"DynamicOxygen","dynamicyield.com":"DynamicYield","ebay.com":"eBay","ebay.at":"eBay","ebay.ba":"eBay","ebay.be":"eBay","ebay.com.au":"eBay","ebay.ca":"eBay","ebay.ch":"eBay","ebay.cn":"eBay","ebay.de":"eBay","ebay.es":"eBay","ebay.fr":"eBay","ebay.com.hk":"eBay","ebay.ie":"eBay","ebay.in":"eBay","ebay.it":"eBay","ebay.co.jp":"eBay","ebay.co.kr":"eBay","ebay.com.my":"eBay","ebay.nl":"eBay","ebay.com.ph":"eBay","ebay.pl":"eBay","ebay.com.sg":"eBay","ebay.com.tw":"eBay","ebay.co.uk":"eBay","gopjn.com":"eBay","eff.org":"EFF","trackersimulator.org":"EFF","eviltracker.net":"EFF","do-not-tracker.org":"EFF","effectivemeasure.com":"Effective Measure","effectivemeasure.net":"Effective Measure","earnify.com":"Earnify","hurriyet.com.tr":"ekolay","ekolay.net":"ekolay","e-kolay.net":"ekolay","eleavers.com":"Eleavers","usemax.de":"Emego","enecto.com":"Enecto","engagebdr.com":"engage:BDR","bnmla.com":"engage:BDR","engago.com":"Engago Technology","appmetrx.com":"Engago Technology","ensighten.com":"Ensighten","entireweb.com":"Entireweb","theepicmediagroup.com":"Epic Media Group","epicadvertising.com":"Epic Media Group","epicmarketplace.com":"Epic Media Group","epicmobileads.com":"Epic Media Group","trafficmp.com":"Epic Media Group","epsilon.com":"Epsilon","eqads.com":"EQ Ads","ero-advertising.com":"EroAdvertising","etineria.com":"Etineria","adwitserver.com":"Etineria","etargetnet.com":"Etarget","etarget.net":"Etarget","etrigue.com":"eTrigue","everydayhealth.com":"Everyday Health","waterfrontmedia.com":"Everyday Health","evidon.com":"Evidon","betrad.com":"Evidon","evisionsmarketing.com":"Evisions Marketing","engineseeker.com":"Evisions Marketing","evolvemediacorp.com":"Evolve","gorillanation.com":"Evolve","evolvemediametrics.com":"Evolve","ewaydirect.com":"eWayDirect","ixs1.net":"eWayDirect","ewebse.com":"ewebse","777seo.com":"ewebse","excitad.com":"excitad","exelate.com":"eXelate","exelator.com":"eXelate","exoclick.com":"ExoClick","experian.com":"Experian","pricegrabber.com":"Experian","audienceiq.com":"Experian","exponential.com":"Exponential Interactive","fulltango.com":"Exponential Interactive","adotube.com":"Exponential Interactive","tribalfusion.com":"Exponential Interactive","expo-max.com":"expo-MAX","extensionfactory.com":"Extension Factory","extensions.ru":"EXTENSIONS.RU","eyeconomy.co.uk":"Eyeconomy","www.eyeconomy.co.uk":"Eyeconomy","eyeconomy.com":"Eyeconomy","sublimemedia.net":"Eyeconomy","eyereturnmarketing.com":"eyeReturn Marketing","eyereturn.com":"eyeReturn Marketing","eyeviewdigital.com":"Eyeviewdigital","eyeviewads.com":"Eyeviewdigital","facilitatedigital.com":"Facilitate Digital","adsfac.eu":"Facilitate Digital","adsfac.net":"Facilitate Digital","adsfac.us":"Facilitate Digital","adsfac.info":"Facilitate Digital","adsfac.sg":"Facilitate Digital","www.fxj.com.au":"Fairfax Media","fairfax.com.au":"Fairfax Media","fxj.com.au":"Fairfax Media","faithadnet.com":"faithadnet","fathomdelivers.com":"Fathom","fathomseo.com":"Fathom","hyfn.com":"Federated Media","sovrn":"Federated Media","lijit.com":"Federated Media","federatedmedia.net":"Federated Media","fmpub.net":"Federated Media","fetchback.com":"FetchBack","fiksu.com":"Fiksu","financialcontent.com":"FinancialContent","fizzbuzzmedia.com":"Fizz-Buzz Media","fizzbuzzmedia.net":"Fizz-Buzz Media","flashtalking.com":"Flashtalking","encoremetrics.com":"Flashtalking","sitecompass.com":"Flashtalking","flite.com":"Flite","widgetserver.com":"Flite","flytxt.com":"Flytxt","forbes.com":"Forbes","brandsideplatform.com":"Forbes","foxonestop.com":"Fox One Stop Media","fimserve.com":"Fox One Stop Media","foxnetworks.com":"Fox One Stop Media","mobsmith.com":"Fox One Stop Media","myads.com":"Fox One Stop Media","othersonline.com":"Fox One Stop Media","rubiconproject.com":"Fox One Stop Media","isocket.com":"Fox One Stop Media","adsbyisocket.com":"Fox One Stop Media","fout.jp":"FreakOut","freedom.com":"Freedom Communications","ffn.com":"FriendFinder Networks","adultfriendfinder.com":"FriendFinder Networks","pop6.com":"FriendFinder Networks","frogsex.com":"Frog Sex","double-check.com":"Frog Sex","fullstory.com":"FullStory","futureads.com":"Future Ads","resultlinks.com":"Future Ads","game-advertising-online.com":"Game Advertising Online","games2win.com":"Games2win","inviziads.com":"Games2win","gamned.com":"Gamned","gannett.com":"Gannett","pointroll.com":"Gannett","gb-world.net":"GB-World","gemius.com":"Gemius","gemius.pl":"Gemius","www.geniegroupltd.co.uk":"GENIE GROUP","geniegroupltd.co.uk":"GENIE GROUP","genius.com":"Genius.com","rsvpgenius.com":"Genius.com","genesismedia.com":"Genesis Media","genesismediaus.com":"Genesis Media","geoads.com":"GeoAds","elfie.com":"GetGlue","smrtlnks.com":"GetGlue","getglue.com":"GetGlue","getsitecontrol.com":"GetSiteControl","glammedia.com":"Glam Media","glam.com":"Glam Media","globe7.com":"Globe7","godatafeed.com":"GoDataFeed","goldspotmedia.com":"GoldSpot Media","www.grapeshot.co.uk":"Grapeshot","grapeshot.co.uk":"Grapeshot","groceryshopping.net":"Grocery Shopping Network","groovinads.com":"GroovinAds","guj.de":"Gruner + Jahr","ligatus.com":"Gruner + Jahr","www.gismads.jp":"GISMAds","gismads.jp":"GISMAds","pepperjam.com":"GSI Commerce","gsicommerce.com":"GSI Commerce","gsimedia.net":"GSI Commerce","pjatr.com":"GSI Commerce","pjtra.com":"GSI Commerce","pntra.com":"GSI Commerce","pntrac.com":"GSI Commerce","pntrs.com":"GSI Commerce","gumgum.com":"GumGum","gunggo.com":"Gunggo","www.hands.com.br":"Hands Mobile","hands.com.br":"Hands Mobile","harrenmedia.com":"Harrenmedia","harrenmedianetwork.com":"Harrenmedia","healthpricer.com":"HealthPricer","adacado.com":"HealthPricer","hearst.com":"Hearst","ic-live.com":"Hearst","iclive.com":"Hearst","icrossing.com":"Hearst","raasnet.com":"Hearst","sptag.com":"Hearst","sptag1.com":"Hearst","sptag2.com":"Hearst","sptag3.com":"Hearst","redaril.com":"Hearst","himediagroup.com":"Hi-media","hi-media.com":"Hi-media","comclick.com":"Hi-media","horyzon-media.com":"Horyzon Media","meetic-partners.com":"Horyzon Media","smartadserver.com":"Horyzon Media","hotwords.com":"HOTWords","hotwords.es":"HOTWords","hp.com":"HP","opentext.com":"HP","optimost.com":"HP","hpconnected.com":"HP","httpool.com":"Httpool","huntmads.com":"HUNT Mobile Ads","hurra.com":"Hurra.com","i-behavior.com":"I-Behavior","ib-ibi.com":"I-Behavior","i.ua":"I.UA","iac.com":"IAC","iacadvertising.com":"IAC","ibm.com":"IBM","unica.com":"IBM","cmcore.com":"IBM","coremetrics.com":"IBM","xtify.com":"IBM","idg.com":"IDG","idgtechnetwork.com":"IDG","ientry.com":"iEntry","600z.com":"iEntry","ignitad.com":"IgnitAd","ignitionone.com":"IgnitionOne","ignitionone.net":"IgnitionOne","searchignite.com":"IgnitionOne","improvedigital.com":"Improve Digital","360yield.com":"Improve Digital","inadco.com":"Inadco","anadcoads.com":"Inadco","inadcoads.com":"Inadco","infectiousmedia.com":"Infectious Media","impressiondesk.com":"Infectious Media","inflectionpointmedia.com":"Inflection Point Media","infogroup.com":"Infogroup","infolinks.com":"Infolinks","infra-ad.com":"Infra-Ad","inmobi.com":"InMobi","sproutinc.com":"InMobi","inner-active.com":"inneractive","innity.com":"Innity","inskinmedia.com":"InSkin Media","instinctive.io":"Instinctive","instinctiveads.com":"Instinctive","intentmedia.com":"Intent Media","intentmedia.net":"Intent Media","intergi.com":"Intergi","intermarkets.net":"Intermarkets","intermundomedia.com":"Intermundo Media","internetbrands.com":"Internet Brands","ibpxl.com":"Internet Brands","interpolls.com":"Interpolls","inuvo.com":"Inuvo","investingchannel.com":"InvestingChannel","iprom.si":"iPROM","centraliprom.com":"iPROM","iprom.net":"iPROM","mediaiprom.com":"iPROM","ipromote.com":"iPromote","iprospect.com":"iProspect","clickmanage.com":"iProspect","digbro.com":"ISI Technologies","adversalservers.com":"ISI Technologies","jaroop.com":"Jaroop","jasperlabs.com":"JasperLabs","jemmgroup.com":"Jemm","jink.de":"Jink","jinkads.com":"Jink","adcolony.com":"Jirbo","jirbo.com":"Jirbo","jivox.com":"Jivox","jobthread.com":"JobThread","juicyads.com":"JuicyAds","jumptap.com":"Jumptap","kenshoo.com":"Kenshoo","xg4ken.com":"Kenshoo","keyade.com":"Keyade","kissmyads.com":"KissMyAds","kitd.com":"KIT digital","keewurd.com":"KIT digital","peerset.com":"KIT digital","kitaramedia.com":"Kitara Media","103092804.com":"Kitara Media","kokteyl.com":"Kokteyl","admost.com":"Kokteyl","komli.com":"Komli","kontera.com":"Kontera","korrelate.com":"Korrelate","adsummos.com":"Korrelate","adsummos.net":"Korrelate","krux.com":"Krux","kruxdigital.com":"Krux","krxd.net":"Krux","layer-ad.org":"Layer-Ad.org","layer-ads.net":"Layer-ads.net","leadbolt.com":"LeadBolt","calliduscloud.com":"LeadFormix","leadformix.com":"LeadFormix","leadforce1.com":"LeadFormix","leadlander.com":"LeadLander","trackalyzer.com":"LeadLander","legolas-media.com":"Legolas Media","levexis.com":"Levexis","lexosmedia.com":"Lexos Media","adbull.com":"Lexos Media","lifestreetmedia.com":"LifeStreet","lfstmedia.com":"LifeStreet","liveintent.com":"LiveIntent","liadm.com":"LiveIntent","liveinternet.ru":"LiveInternet","yadro.ru":"LiveInternet","linkconnector.com":"LinkConnector","rakutenmarketing.com":"LinkShare","linkshare.com":"LinkShare","linksynergy.com":"LinkShare","linkz.net":"Linkz","listrak.com":"Listrak","listrakbi.com":"Listrak","localyokelmedia.com":"Local Yokel Media","longboardmedia.com":"Longboard Media","loomia.com":"Loomia","loopfuse.net":"LoopFuse","lfov.net":"LoopFuse","lucidmedia.com":"LucidMedia","dstillery.com":"m6d","m6d.com":"m6d","media6degrees.com":"m6d","madhouse.cn":"Madhouse","madisonlogic.com":"Madison Logic","dinclinx.com":"Madison Logic","madvertise.com":"madvertise","magnetic.com":"Magnetic","domdex.net":"Magnetic","domdex.com":"Magnetic","mybuys.com":"Magnetic","veruta.com":"Magnetic","qjex.net":"Magnetic","magnify360.com":"Magnify360","dialogmgr.com":"Magnify360","mailchimp.com":"MailChimp","campaign-archive1.com":"MailChimp","mailchi.mp":"MailChimp","list-manage.com":"MailChimp","manifest.ru":"Manifest","bannerbank.ru":"Manifest","marchex.com":"Marchex","industrybrains.com":"Marchex","marimedia.net":"Marimedia","marketgid.com":"MarketGid","dt00.net":"MarketGid","dt07.net":"MarketGid","marketo.com":"Marketo","marketo.net":"Marketo","martiniadnetwork.com":"Martini Media","martinimedianetwork.com":"Martini Media","mashero.com":"mashero","match.com":"Match.com","chemistry.com":"Match.com","matomy.com":"Matomy","matomymarket.com":"Matomy","matomymedia.com":"Matomy","xtendmedia.com":"Matomy","mediawhiz.com":"Matomy","adnetinteractive.com":"Matomy","maxbounty.com":"MaxBounty","mb01.com":"MaxBounty","maxpointinteractive.com":"MaxPoint","maxusglobal.com":"MaxPoint","mxptint.net":"MaxPoint","mdotm.com":"MdotM","media.net":"media.net","mediabrix.com":"MediaBrix","mediacom.com":"MediaCom","mediaforge.com":"mediaFORGE","medialets.com":"Medialets","mediamath.com":"MediaMath","adroitinteractive.com":"MediaMath","designbloxlive.com":"MediaMath","mathtag.com":"MediaMath","mediaocean.com":"Mediaocean","adbuyer.com":"Mediaocean","mediashakers.com":"MediaShakers","media-servers.net":"MediaShakers","mediatrust.com":"MediaTrust","medicxmedia.com":"Medicx Media Solutions","mercent.com":"Mercent","merchantadvantage.com":"MerchantAdvantage","merchenta.com":"Merchenta","megaindex.ru":"MegaIndex","metanetwork.com":"Meta Network","meteorsolutions.com":"Meteor","www.microad.jp":"MicroAd","microad.jp":"MicroAd","microsoft.com":"Microsoft","atdmt.com":"Microsoft","bing.com":"Microsoft","gamesforwindows.com":"Microsoft","getgamesmart.com":"Microsoft","healthvault.com":"Microsoft","ieaddons.com":"Microsoft","iegallery.com":"Microsoft","live.com":"Microsoft","microsoftalumni.com":"Microsoft","microsoftalumni.org":"Microsoft","microsoftstore.com":"Microsoft","msn.com":"Microsoft","msnbc.com":"Microsoft","nbcnews.com":"Microsoft","office.com":"Microsoft","officelive.com":"Microsoft","outlook.com":"Microsoft","s-msn.com":"Microsoft","skype.com":"Microsoft","windowsphone.com":"Microsoft","worldwidetelescope.org":"Microsoft","xbox.com":"Microsoft","adbureau.net":"Microsoft","adecn.com":"Microsoft","aquantive.com":"Microsoft","msads.net":"Microsoft","netconversions.com":"Microsoft","roiservice.com":"Microsoft","msndirect.com":"Microsoft","millennialmedia.com":"Millennial Media","decktrade.com":"Millennial Media","mydas.mobi":"Millennial Media","mindset-media.com":"Mindset Media","mmismm.com":"Mindset Media","mirando.de":"Mirando","mixpo.com":"Mixpo","moat.com":"Moat","moatads.com":"Moat","mobfox.com":"MobFox","mobilemeteor.com":"Mobile Meteor","showmeinn.com":"Mobile Meteor","admoda.com":"MobVision","mobvision.com":"MobVision","moceanmobile.com":"Mocean Mobile","mochila.com":"Mochila","mojiva.com":"Mojiva","monetate.com":"Monetate","monetate.net":"Monetate","cpalead.com":"MONETIZEdigital","monoloop.com":"Monoloop","moolahmedia.com":"Moolah Media","moolah-media.com":"Moolah Media","monster.com":"Monster","mopub.com":"MoPub","movielush.com":"MovieLush.com","affbuzzads.com":"MovieLush.com","mozilla.com":"Mozilla","mozilla.org":"Mozilla","firefox.com":"Mozilla","mozaws.net":"Mozilla","multiplestreammktg.com":"Multiple Stream Media","adclickmedia.com":"Multiple Stream Media","mundomedia.com":"MUNDO Media","silver-path.com":"MUNDO Media","mycounter.com.ua":"MyCounter","mythings.com":"myThings","mythingsmedia.com":"myThings","mywebgrocer.com":"MyWebGrocer","nanigans.com":"Nanigans","navegg.com":"Navegg","navdmp.com":"Navegg","net-results.com":"Net-Results","nr7.us":"Net-Results","cdnma.com":"Net-Results","netaffiliation.com":"NetAffiliation","netbina.com":"NetBina","netelixir.com":"NetElixir","adelixir.com":"NetElixir","netmining.com":"Netmining","netmng.com":"Netmining","netseer.com":"NetSeer","ziffdavistech.com":"NetShelter","netshelter.com":"NetShelter","netshelter.net":"NetShelter","neustar.biz":"Neustar","adadvisor.net":"Neustar","newtention.de":"newtention","newtention.net":"newtention","newtentionassets.net":"newtention","nexage.com":"Nexage","nextag.com":"Nextag","nextperf.com":"NextPerformance","nextperformance.com":"NextPerformance","nxtck.com":"NextPerformance","nielsen.com":"Nielsen","imrworldwide.com":"Nielsen","imrworldwide.net":"Nielsen","glanceguide.com":"Nielsen","ninua.com":"Ninua","networkedblogs.com":"Ninua","noktamedya.com":"Nokta","virgul.com":"Nokta","nowspots.com":"NowSpots","nrelate.com":"nrelate","www.nuffnang.com.my":"Nuffnang","nuffnang.com":"Nuffnang","nuffnang.com.my":"Nuffnang","nugg.ad":"nugg.ad","nuggad.net":"nugg.ad","ohana-media.com":"Ohana Media","adohana.com":"Ohana Media","ohanaqb.com":"Ohana Media","omnicomgroup.com":"Omnicom Group","accuenmedia.com":"Omnicom Group","p-td.com":"Omnicom Group","onad.eu":"onAd","itsoneiota.com":"One iota","oneiota.co.uk":"One iota","oneupweb.com":"Oneupweb","sodoit.com":"Oneupweb","onm.de":"Open New Media","openx.com":"OpenX","openx.net":"OpenX","liftdna.com":"OpenX","openx.org":"OpenX","openxenterprise.com":"OpenX","servedbyopenx.com":"OpenX","opera.com":"Opera","mobiletheory.com":"Opera","www.opt.ne.jp":"OPT","advg.jp":"OPT","opt.ne.jp":"OPT","p-advg.com":"OPT","optify.net":"Optify","bn.co":"Optimal","optim.al":"Optimal","cpmadvisors.com":"Optimal","cpmatic.com":"Optimal","nprove.com":"Optimal","orbengine.com":"Optimal","xa.net":"Optimal","optimumresponse.com":"OptimumResponse","optmd.com":"OptMD","optnmstr.com":"OptinMonster","optinmonster.com":"OptinMonster","oracle.com":"Oracle","estara.com":"Oracle","atgsvcs.com":"Oracle","instantservice.com":"Oracle","istrack.com":"Oracle","eloqua.com":"Oracle","maxymiser.com":"Oracle","orangesoda.com":"OrangeSoda","otracking.com":"OrangeSoda","out-there-media.com":"Out There Media","outbrain.com":"Outbrain","sphere.com":"Outbrain","visualrevenue.com":"Outbrain","oversee.net":"Oversee.net","dsnextgen.com":"Oversee.net","owneriq.com":"OwnerIQ","owneriq.net":"OwnerIQ","oxamedia.com":"OxaMedia","adconnexa.com":"OxaMedia","adsbwm.com":"OxaMedia","paid-to-promote.net":"Paid-To-Promote.net","pardot.com":"Pardot","payhit.com":"PayHit","paypopup.com":"Paypopup.com","lzjl.com":"Paypopup.com","peer39.com":"Peer39","peer39.net":"Peer39","peerfly.com":"PeerFly","performancing.com":"Performancing","pheedo.com":"Pheedo","pictela.com":"Pictela","pictela.net":"Pictela","pixel.sg":"Pixel.sg","piximedia.com":"Piximedia","www.platform-one.co.jp":"PLATFORM ONE","platform-one.co.jp":"PLATFORM ONE","plista.com":"plista","po.st":"Po.st","pocketcents.com":"PocketCents","getpolymorph.com":"Polymorph","adsnative.com":"Polymorph","pontiflex.com":"Pontiflex","popads.net":"PopAds","popadscdn.net":"PopAds","poprule.com":"PopRule","gocampaignlive.com":"PopRule","precisionclick.com":"PrecisionClick","predictad.com":"PredictAd","pressflex.com":"Pressflex","blogads.com":"Pressflex","proclivitysystems.com":"Proclivity","pswec.com":"Proclivity","proclivitymedia.com":"Proclivity","projectwonderful.com":"Project Wonderful","prosperent.com":"Prosperent","publicidees.com":"Public-Idées","pch.com":"Publishers Clearing House","pubmatic.com":"PubMatic","revinet.com":"PubMatic","primevisibility.com":"Prime Visibility","adcde.com":"Prime Visibility","addlvr.com":"Prime Visibility","adonnetwork.com":"Prime Visibility","adonnetwork.net":"Prime Visibility","adtrgt.com":"Prime Visibility","bannertgt.com":"Prime Visibility","cptgt.com":"Prime Visibility","cpvfeed.com":"Prime Visibility","cpvtgt.com":"Prime Visibility","popcde.com":"Prime Visibility","sdfje.com":"Prime Visibility","urtbk.com":"Prime Visibility","quadrantone.com":"quadrantOne","quantcast.com":"Quantcast","quantserve.com":"Quantcast","quinstreet.com":"QuinStreet","thecounter.com":"QuinStreet","qnsr.com":"QuinStreet","qsstats.com":"QuinStreet","quisma.com":"QUISMA","iaded.com":"QUISMA","quismatch.com":"QUISMA","xaded.com":"QUISMA","xmladed.com":"QUISMA","solesolution.com":"Radiate Media","gtnetwork.com.au":"Radiate Media","radiatemedia.com":"Radiate Media","matchbin.com":"Radiate Media","radiumone.com":"RadiumOne","gwallet.com":"RadiumOne","radiusmarketing.com":"Radius Marketing","rambler.ru":"Rambler","rapleaf.com":"Rapleaf","liveramp.com":"Rapleaf","rlcdn.com":"Rapleaf","reachlocal.com":"ReachLocal","rlcdn.net":"ReachLocal","react2media.com":"React2Media","reduxmedia.com":"Redux Media","rekko.com":"Rekko","convertglobal.com":"Rekko","reklamstore.com":"Reklam Store","reklamport.com":"Reklamport","reklamz.com":"Reklamz","relevad.com":"Relevad","relestar.com":"Relevad","renegadeinternet.com":"Renegade Internet","advertserve.com":"Renegade Internet","resolutionmedia.com":"Resolution Media","resonateinsights.com":"Resonate","resonatenetworks.com":"Resonate","responsys.com":"Responsys","retargeter.com":"ReTargeter","retirement-living.com":"Retirement Living","blvdstatus.com":"Retirement Living","revenuemax.de":"RevenueMax","rhythmone.com":"Rhythm","rhythmnewmedia.com":"Rhythm","rnmd.net":"Rhythm","rhythmxchange.com":"Rhythm","1rx.io":"Rhythm","richrelevance.com":"RichRelevance","rightaction.com":"RightAction","traforet.com":"RMBN","rmbn.net":"RMBN","rmbn.ru":"RMBN","rmmonline.com":"RMM","rocketfuel.com":"Rocket Fuel","rfihub.com":"Rocket Fuel","rfihub.net":"Rocket Fuel","ru4.com":"Rocket Fuel","xplusone.com":"Rocket Fuel","rovion.com":"Rovion","rutarget.ru":"RuTarget","sabre.com":"Sabre","reztrack.com":"Sabre","sabrehospitality.com":"Sabre","salesforce.com":"Salesforce.com","force.com":"Salesforce.com","salesforceliveagent.com":"Salesforce.com","samurai-factory.jp":"Samurai Factory","shinobi.jp":"Samurai Factory","sapient.com":"Sapient","bridgetrack.com":"Sapient","sas.com":"SAS","aimatch.com":"SAS","scandinavianadnetworks.com":"Scandinavian AdNetworks","scribol.com":"Scribol","searchforce.com":"SearchForce","searchforce.net":"SearchForce","kanoodle.com":"Seevast","seevast.com":"Seevast","pulse360.com":"Seevast","syndigonetworks.com":"Seevast","selectablemedia.com":"Selectable Media","nabbr.com":"Selectable Media","sevenads.net":"SevenAds","sexinyourcity.com":"SexInYourCity","shareasale.com":"ShareASale","shopzilla.com":"Shopzilla","silverpop.com":"Silverpop","mkt51.net":"Silverpop","pages05.net":"Silverpop","vtrenz.net":"Silverpop","simpli.fi":"Simpli.fi","sitescout.com":"SiteScout","skimlinks.com":"Skimlinks","skimresources.com":"Skimlinks","skupenet.com":"Skupe Net","adcentriconline.com":"Skupe Net","smaato.com":"Smaato","smartlook.com":"SmartLook","smileymedia.com":"Smiley Media","smowtion.com":"Smowtion","snap.com":"Snap","socialchorus.com":"SocialChorus","halogenmediagroup.com":"SocialChorus","halogennetwork.com":"SocialChorus","socialinterface.com":"SocialInterface","ratevoice.com":"SocialInterface","socialtwist.com":"SocialTwist","sociomantic.com":"sociomantic labs","sophus3.com":"sophus3","sophus3.co.uk":"sophus3","spacechimpmedia.com":"Space Chimp Media","sparkstudios.com":"Spark Studios","sparklit.com":"Sparklit","adbutler.com":"Sparklit","specificmedia.com":"Specific Media","sitemeter.com":"Specific Media","adviva.co.uk":"Specific Media","adviva.net":"Specific Media","specificclick.net":"Specific Media","spectate.com":"Spectate","spongegroup.com":"Sponge","spongecell.com":"Spongecell","sponsorads.de":"SponsorAds","spot200.com":"Spot200","spotxchange.com":"SpotXchange","spotxcdn.com":"SpotXchange","stargames.net":"StarGames","stargamesaffiliate.com":"StarGames","steelhouse.com":"SteelHouse","steelhousemedia.com":"SteelHouse","streamray.com":"Streamray","cams.com":"Streamray","strikead.com":"StrikeAd","strongmail.com":"StrongMail","popularmedia.com":"StrongMail","struq.com":"Struq","suite66.com":"Suite 66","www.summit.co.uk":"Summit","summitmedia.co.uk":"Summit","supersonicads.com":"SupersonicAds","switchconcepts.com":"Switch","switchadhub.com":"Switch","switchconcepts.co.uk":"Switch","switchads.com":"Switch","swoop.com":"Swoop","factortg.com":"SymphonyAM","syncapse.com":"Syncapse","clickable.net":"Syncapse","taboola.com":"Taboola","perfectmarket.com":"Taboola","tailsweep.com":"Tailsweep","tap.me":"Tap.me","tapad.com":"Tapad","tapgage.com":"Tapgage","bizmey.com":"Tapgage","tapit.com":"TapIt!","tattomedia.com":"Tatto Media","quicknoodles.com":"Tatto Media","targetix.net":"Targetix","teadma.com":"Teadma","teads.tv":"Teads.tv","technorati.com":"Technorati","technoratimedia.com":"Technorati","tellapart.com":"TellApart","tellapt.com":"TellApart","telstra.com.au":"Telstra","sensis.com.au":"Telstra","sensisdata.com.au":"Telstra","sensisdigitalmedia.com.au":"Telstra","www.terra.com.br":"Terra","eztargetmedia.com":"Terra","terra.com.br":"Terra","thenumagroup.com":"The Numa Group","hittail.com":"The Numa Group","merkleinc.com":"The Rimm-Kaufman Group","rkdms.com":"The Rimm-Kaufman Group","rimmkaufman.com":"The Rimm-Kaufman Group","thesearchagency.com":"The Search Agency","thesearchagency.net":"The Search Agency","thetradedesk.com":"The Trade Desk","adsrvr.org":"The Trade Desk","thinkrealtime.com":"Think Realtime","echosearch.com":"Think Realtime","esm1.net":"Think Realtime","tinder.com":"Tinder","carbonads.com":"Tinder","tiqiq.com":"TiqIQ","tlvmedia.com":"TLVMedia","todacell.com":"Todacell","tonefuse.com":"ToneFuse","clickfuse.com":"ToneMedia","tonemedia.com":"ToneMedia","nuance.com":"TouchCommerce","touchcommerce.com":"TouchCommerce","inq.com":"TouchCommerce","trackingsoft.com":"TrackingSoft","roia.biz":"TrackingSoft","tradedoubler.com":"Tradedoubler","tradetracker.com":"TradeTracker","tradetracker.net":"TradeTracker","traffichaus.com":"TrafficHaus","traffichouse.com":"TrafficHaus","trafficrevenue.net":"TrafficRevenue","traffiq.com":"Traffiq","travoramedia.com":"Travora Media","traveladnetwork.com":"Travora Media","traveladvertising.com":"Travora Media","tremorvideo.com":"Tremor Video","scanscout.com":"Tremor Video","tmnetads.com":"Tremor Video","tremormedia.com":"Tremor Video","tremorhub.com":"Tremor Video","triggit.com":"Triggit","trueffect.com":"TruEffect","adlegend.com":"TruEffect","truste.com":"TRUSTe","tubemogul.com":"TubeMogul","tmogul.com":"TubeMogul","twelvefold.com":"Twelvefold","buzzlogic.com":"Twelvefold","twyn.com":"Twyn Group","twyn-group.com":"Twyn Group","tyroo.com":"Tyroo","ucoz.com":"uCoz","ucoz.ae":"uCoz","ucoz.fr":"uCoz","ucoz.net":"uCoz","ucoz.ru":"uCoz","ucoz.br":"uCoz","ucoz.du":"uCoz","www.unanimis.co.uk":"Unanimis","unanimis.co.uk":"Unanimis","underdogmedia.com":"Underdog Media","udmserve.net":"Underdog Media","undertone.com":"Undertone","undertonevideo.com":"Undertone","undertonenetworks.com":"Undertone","uniqlick.com":"UniQlick","51network.com":"UniQlick","wanmo.com":"UniQlick","unrulymedia.com":"Unruly","up-value.de":"up-value","usitechnologies.com":"USI Technologies","upsellit.com":"USI Technologies","conversantmedia.com":"ValueClick","valueclick.com":"ValueClick","adserver.com":"ValueClick","dotomi.com":"ValueClick","dtmpub.com":"ValueClick","emjcd.com":"ValueClick","fastclick.com":"ValueClick","fastclick.net":"ValueClick","greystripe.com":"ValueClick","lduhtrp.net":"ValueClick","mediaplex.com":"ValueClick","valueclick.net":"ValueClick","valueclickmedia.com":"ValueClick","zmedia.com":"ValueClick","various.com":"Various","amigos.com":"Various","getiton.com":"Various","medley.com":"Various","nostringsattached.com":"Various","vdopia.com":"Vdopia","ivdopia.com":"Vdopia","adsvelocity.com":"Velocity Media","velti.com":"Velti","mobclix.com":"Velti","vemba.com":"Vemba","vendio.com":"Vendio","singlefeed.com":"Vendio","veoxa.com":"Veoxa","veremedia.com":"Veremedia","verticalresponse.com":"VerticalResponse","vresp.com":"VerticalResponse","vibrantmedia.com":"Vibrant Media","intellitxt.com":"Vibrant Media","picadmedia.com":"Vibrant Media","viglink.com":"VigLink","visiblemeasures.com":"Visible Measures","viewablemedia.net":"Visible Measures","visbrands.com":"VisibleBrands","visualdna.com":"VisualDNA","vdna-assets.com":"VisualDNA","visualdna-stats.com":"VisualDNA","vizu.com":"Vizu","vizury.com":"Vizury","vserv.com":"Vserv","vserv.mobi":"Vserv","wahoha.com":"Wahoha","contentwidgets.net":"Wahoha","web.com":"Web.com","feedperfect.com":"Web.com","www.webads.co.uk":"WebAds","webads.co.uk":"WebAds","webgozar.com":"WebGozar.com","webgozar.ir":"WebGozar.com","revanadigital.com":"WebMetro","dsmmadvantage.com":"WebMetro","webmetro.com":"WebMetro","weborama.com":"Weborama","weborama.fr":"Weborama","webtraffic.se":"Webtraffic","webtraffic.no":"Webtraffic","wiredminds.de":"WiredMinds","wiredminds.com":"WiredMinds","wp.pl":"Wirtualna Polska","adtotal.pl":"Wirtualna Polska","wordstream.com":"WordStream","wpp.com":"WPP","decdna.net":"WPP","groupm.com":"WPP","kantarmedia.com":"WPP","mecglobal.com":"WPP","mindshareworld.com":"WPP","themig.com":"WPP","xaxis.com":"WPP","compete.com":"WPP","247realmedia.com":"WPP","accelerator-media.com":"WPP","acceleratorusa.com":"WPP","decideinteractive.com":"WPP","gmads.net":"WPP","mindshare.nl":"WPP","mookie1.com":"WPP","pm14.com":"WPP","realmedia.com":"WPP","targ.ad":"WPP","xad.com":"xAd","xertivemedia.com":"Xertive Media","admanager-xertive.com":"Xertive Media","xplosion.de":"xplosion interactive","adplan-ds.com":"Xrost DS","yabuka.com":"Yabuka","yadi.sk":"Yandex","yandex.com":"Yandex","moikrug.ru":"Yandex","yandex.ru":"Yandex","yandex.st":"Yandex","yandex.ua":"Yandex","yandex.com.tr":"Yandex","yandex.by":"Yandex","api-maps.yandex.ru":"Yandex","web-visor.com":"Yandex","brightcom.com":"Ybrant Digital","addynamix.com":"Ybrant Digital","luj.sdsjweb.com":"Ybrant Digital","ybrantdigital.com":"Ybrant Digital","adserverplus.com":"Ybrant Digital","oridian.com":"Ybrant Digital","ydworld.com":"YD","yieldivision.com":"YD","yhmg.com":"YellowHammer","attracto.com":"YellowHammer","clickhype.com":"YellowHammer","yellowhammermg.com":"YellowHammer","yieldads.com":"YieldAds","ybx.io":"YieldBids","yieldbuild.com":"YieldBuild","yieldlab.de":"Yieldlab","yieldlab.net":"Yieldlab","yoc.com":"YOC","youknowbest.com":"youknowbest","yume.com":"YuMe","yumenetworks.com":"YuMe","zango.com":"Zango","metricsdirect.com":"Zango","zanox.com":"zanox","buy.at":"zanox","zanox-affiliate.de":"zanox","zapunited.com":"zapunited","zaparena.com":"zapunited","zedo.com":"ZEDO","zincx.com":"ZEDO","zemanta.com":"Zemanta","zestad.com":"ZestAd","zetaemailsolutions.com":"Zeta Email Solutions","insightgrit.com":"Zeta Email Solutions","zumobi.com":"Zumobi","63labs.com":"63 Squares","63squares.com":"63 Squares","i-stats.com":"63 Squares","acxiom.com":"Acxiom","mm7.net":"Acxiom","acxiomapac.com":"Acxiom","addfreestats.com":"AddFreeStats","3dstats.com":"AddFreeStats","adventori.com":"Adventori","amadesa.com":"Amadesa","primawebtools.de":"anormal-media.de","anormal-media.de":"anormal-media.de","anormal-tracker.de":"anormal-media.de","attracta.com":"Attracta","automattic.com":"Automattic","polldaddy.com":"Automattic","gravatar.com":"Automattic","intensedebate.com":"Automattic","awio.com":"Awio","w3counter.com":"Awio","w3roi.com":"Awio","belstat.com":"Belstat","belstat.be":"Belstat","belstat.de":"Belstat","belstat.fr":"Belstat","belstat.nl":"Belstat","blogcounter.de":"BlogCounter.com","bluemetrix.com":"Bluemetrix","bmmetrix.com":"Bluemetrix","branica.com":"Branica","brightedge.com":"BrightEdge","bubblestat.com":"Bubblestat","c3metrics.com":"C3 Metrics","attributionmodel.com":"C3 Metrics","c3tag.com":"C3 Metrics","chartbeat.com":"Chartbeat","chartbeat.net":"Chartbeat","clickdensity.com":"Clickdensity","clicktale.com":"ClickTale","clicktale.net":"ClickTale","pantherssl.com":"ClickTale","clixmetrix.com":"ClixMetrix","clixpy.com":"Clixpy","clustrmaps.com":"ClustrMaps","cnzz.com":"CNZZ","compuware.com":"Compuware","axf8.net":"Compuware","dynatrace.com":"Compuware","gomez.com":"Compuware","connexity.com":"Connexity","connexity.net":"Connexity","convert.com":"Convert Insights","reedge.com":"Convert Insights","crazyegg.com":"Crazy Egg","cetrk.com":"Crazy Egg","crowdscience.com":"Crowd Science","ihs.com":"Dataium","collserve.com":"Dataium","dataium.com":"Dataium","deepintent.com":"Deep Intent","demandbase.com":"Demandbase","directcorp.de":"DirectCORP","ipcounter.de":"DirectCORP","dwstat.cn":"dwstat.com","eproof.com":"eProof.com","etracker.com":"etracker","etracker.de":"etracker","sedotracker.com":"etracker","sedotracker.de":"etracker","eulerian.com":"Eulerian Technologies","eulerian.net":"Eulerian Technologies","extremetracking.com":"eXTReMe digital","extreme-dm.com":"eXTReMe digital","feedjit.com":"Feedjit","footprintlive.com":"Footprint","freeonlineusers.com":"Free Online Users","free-pagerank.com":"Free-PageRank.com","gfk.com":"GfK Group","daphnecm.com":"GfK Group","gfkdaphne.com":"GfK Group","github.com":"GitHub","gaug.es":"GitHub","godaddy.com":"Go Daddy","trafficfacts.com":"Go Daddy","gosquared.com":"GoSquared","gostats.com":"GoStats","arenaweb.ro":"GTop","gtop.ro":"GTop","gtopstats.com":"GTop","histats.com":"Histats","hitsniffer.com":"Hit Sniffer","hitslink.com":"HitsLink","inboundwriter.com":"InboundWriter","enquisite.com":"InboundWriter","infonline.de":"INFOnline","ioam.de":"INFOnline","ivwbox.de":"INFOnline","infostars.ru":"InfoStars","hotlog.ru":"InfoStars","inspectlet.com":"Inspectlet","intelligencefocus.com":"IntelligenceFocus","leadchampion.com":"IntelligenceFocus","domodomain.com":"IntelligenceFocus","intercom.io":"Intercom","iperceptions.com":"iPerceptions","keymetric.net":"KeyMetric","kissmetrics.com":"KISSmetrics","linezing.com":"LineZing","liveperson.com":"LivePerson","nuconomy.com":"LivePerson","liveperson.net":"LivePerson","logdy.com":"Logdy","lotame.com":"Lotame","crwdcntrl.net":"Lotame","lynchpin.com":"Lynchpin","lypn.com":"Lynchpin","aurea.com":"Lyris","lyris.com":"Lyris","clicktracks.com":"Lyris","lytiks.com":"Lytiks","markmonitor.com":"MarkMonitor","9c9media.ca":"MarkMonitor","marktest.com":"Marktest","marktest.pt":"Marktest","mediametrie-estat.com":"Médiamétrie-eStat","estat.com":"Médiamétrie-eStat","meetrics.com":"Meetrics","de.com":"Meetrics","meetrics.de":"Meetrics","meetrics.net":"Meetrics","metrixlab.com":"MetrixLab","crm-metrix.com":"MetrixLab","customerconversio.com":"MetrixLab","opinionbar.com":"MetrixLab","adoftheyear.com":"MetrixLab","mixpanel.com":"Mixpanel","mxpnl.com":"Mixpanel","mongoosemetrics.com":"Mongoose Metrics","monitus.net":"Monitus","motigo.com":"motigo","nedstatbasic.net":"motigo","mouseflow.com":"Mouseflow","mypagerank.net":"MyPagerank.Net","netapplications.com":"Net Applications","hitsprocessor.com":"Net Applications","newrelic.com":"New Relic","nr-data.net":"New Relic","newsright.com":"NewsRight","apnewsregistry.com":"NewsRight","nextstat.com":"NextSTAT","sensic.net":"nurago","nurago.com":"nurago","nurago.de":"nurago","observerapp.com":"Observer","onestat.com":"OneStat","openstat.com":"Openstat","openstat.ru":"Openstat","spylog.com":"Openstat","opentracker.net":"Opentracker","oewa.at":"ÖWA","oewabox.at":"ÖWA","persianstat.com":"PersianStat.com","phonalytics.com":"Phonalytics","phpmyvisites.us":"phpMyVisites","piwik.org":"Piwik","pronunciator.com":"Pronunciator","visitorville.com":"Pronunciator","qualaroo.com":"Qualaroo","kissinsights.com":"Qualaroo","quintelligence.com":"Quintelligence","radarurl.com":"RadarURL","researchnow.com":"Research Now","valuedopinions.co.uk":"Research Now","roxr.net":"Roxr","clicky.com":"Roxr","getclicky.com":"Roxr","staticstuff.net":"Roxr","safecount.net":"Kantar Millward Brown","millwardbrowndigital.com":"Kantar Millward Brown","insightexpress.com":"Kantar Millward Brown","insightexpressai.com":"Kantar Millward Brown","dl-rms.com":"Kantar Millward Brown","dlqm.net":"Kantar Millward Brown","questionmarket.com":"Kantar Millward Brown","sagemetrics.com":"SageMetrics","sageanalyst.net":"SageMetrics","segment.io":"Segment.io","seevolution.com":"SeeVolution","svlu.net":"SeeVolution","sessioncam.com":"SessionCam","shinystat.com":"ShinyStat","snoobi.fi":"Snoobi","snoobi.com":"Snoobi","statcounter.com":"StatCounter","statisfy.net":"Statisfy","statsit.com":"STATSIT","stratigent.com":"Stratigent","4u.pl":"stat4u","tealium.com":"Tealium","tiqcdn.com":"Tealium","tensquare.com":"TENSQUARE","marinsm.com":"The Heron Partnership","marinsoftware.com":"The Heron Partnership","heronpartners.com.au":"The Heron Partnership","tnsglobal.com":"TNS","statistik-gallup.net":"TNS","tns-counter.ru":"TNS","tns-cs.net":"TNS","sesamestats.com":"TNS","umbel.com":"Umbel","nakanohito.jp":"User Local","vertster.com":"Vertster","id.kickfire.com":"VisiStat","sa-as.com":"VisiStat","d.kickfire.com":"VisiStat","visistat.com":"VisiStat","visitstreamer.com":"Visit Streamer","vistrac.com":"vistrac","vizisense.com":"ViziSense","vizisense.net":"ViziSense","onlinewebstats.com":"Web Stats","webtrackingservices.com":"Web Tracking Services","web-stat.com":"Web Tracking Services","webtraxs.com":"Web Traxs","webclicktracker.com":"Webclicktracker","webtrekk.com":"Webtrekk","webtrekk.net":"Webtrekk","webtrends.com":"Webtrends","reinvigorate.net":"Webtrends","webtrendslive.com":"Webtrends","amung.us":"whos.amung.us","adzmath.com":"White Ops","whiteops.com":"White Ops","woopra.com":"Woopra","woopra-ns.com":"Woopra","wowanalytics.co.uk":"WOW Analytics","wysistat.net":"Wysistat","wysistat.com":"Wysistat","yellowtracker.com":"YellowTracker","activengage.com":"ActivEngage","adap.tv":"Adap.tv","akqa.com":"AKQA","srtk.net":"AKQA","cookieq.com":"Baycloud Systems","baynote.com":"Baynote","baynote.net":"Baynote","bazaarvoice.com":"Bazaarvoice","bigdoor.com":"BigDoor","onetruefan.com":"BigDoor","brightcove.com":"Brightcove","browser-update.org":"Browser-Update.org","btbuckets.com":"BTBuckets","bufferapp.com":"Buffer","bunchball.com":"Bunchball","buysafe.com":"buySAFE","buzzfeed.com":"BuzzFeed","buzzfed.com":"BuzzFeed","cbox.ws":"Cbox","cbsinteractive.com":"CBS Interactive","com.com":"CBS Interactive","cedexis.com":"Cedexis","cedexis.net":"Cedexis","certona.com":"Certona","res-x.com":"Certona","certona.net":"Certona","clipsyndicate.com":"ClipSyndicate","collarity.com":"Collarity","conduit.com":"Conduit","conduit-banners.com":"Conduit","conduit-services.com":"Conduit","wibiya.com":"Conduit","congoo.com":"Congoo","contactatonce.com":"Contact At Once!","conviva.com":"Conviva","dailyme.com":"DailyMe","newstogram.com":"DailyMe","datasift.com":"DataSift","tweetmeme.com":"DataSift","dgit.com":"DG","sizmek.com":"DG","eyeblaster.com":"DG","eyewonder.com":"DG","mdadx.com":"DG","serving-sys.com":"DG","unicast.com":"DG","disqus.com":"Disqus","aboutecho.com":"Echo","haloscan.com":"Echo","js-kit.com":"Echo","flattr.com":"Flattr","freewheel.tv":"FreeWheel","fwmrm.net":"FreeWheel","getsatisfaction.com":"Get Satisfaction","gigya.com":"Gigya","gigcount.com":"Gigya","globaltakeoff.com":"Global Takeoff","globaltakeoff.net":"Global Takeoff","datapipe.com":"GoGrid","formalyzer.com":"GoGrid","gogrid.com":"GoGrid","komli.net":"GoGrid","gravity.com":"Gravity","grvcdn.com":"Gravity","heyzap.com":"Heyzap","hubspot.com":"HubSpot","hs-analytics.net":"HubSpot","iovation.com":"iovation","iesnare.com":"iovation","kaltura.com":"Kaltura","kikin.com":"kikin","limelight.com":"Limelight Networks","uplandsoftware.com":"Limelight Networks","clickability.com":"Limelight Networks","llnwd.net":"Limelight Networks","liverail.com":"LiveRail","jwplayer.com":"LongTail Video","longtailvideo.com":"LongTail Video","ltassrv.com":"LongTail Video","markit.com":"Markit","wsod.com":"Markit","mashlogic.com":"MashLogic","mcafee.com":"McAfee","mcafeesecure.com":"McAfee","scanalert.com":"McAfee","newsinc.com":"NDN","iwin.com":"Oberon Media","oberon-media.com":"Oberon Media","blaze.com":"Oberon Media","olark.com":"Olark","ooyala.com":"Ooyala","oo4.com":"Ooyala","optimizely.com":"Optimizely","parsely.com":"Parse.ly","peerius.com":"Peerius","pinterest.com":"Pinterest","pinterest.de":"Pinterest","pinterest.pt":"Pinterest","pinterest.se":"Pinterest","pinterest.jp":"Pinterest","pinterest.co.kr":"Pinterest","pinterest.dk":"Pinterest","pinterest.com.mx":"Pinterest","pinterest.at":"Pinterest","pinterest.co.uk":"Pinterest","pinterest.ie":"Pinterest","pinterest.fr":"Pinterest","pinterest.ca":"Pinterest","pinterest.ch":"Pinterest","pinterest.es":"Pinterest","pinterest.cl":"Pinterest","pinterest.nz":"Pinterest","pinterest.com.au":"Pinterest","punchtab.com":"PunchTab","global.blackberry.com":"RIM","laptopverge.com":"RIM","rim.com":"RIM","scoreloop.com":"RIM","saymedia.com":"SAY","typepad.com":"SAY","videoegg.com":"SAY","scribefire.com":"ScribeFire","movabletype.com":"Six Apart","sixapart.com":"Six Apart","paulstamatiou.com":"Skribit","skribit.com":"Skribit","snapengage.com":"SnapEngage","springmetrics.com":"Spring Metrics","superfish.com":"Superfish","synacor.com":"Synacor","thinglink.com":"ThingLink","thismoment.com":"Thismoment","thummit.com":"Thummit","topsy.com":"Topsy","tracemyip.org":"TraceMyIP.org","trackset.com":"Trackset","www.trovus.co.uk":"Trovus","trovus.co.uk":"Trovus","trumba.com":"Trumba","turntonetworks.com":"TurnTo","turnto.com":"TurnTo","tweetboard.com":"Tweetboard","twittercounter.com":"Twitter Counter","ubermedia.com":"UberMedia","tweetup.com":"UberMedia","ubertags.com":"UberTags","unbounce.com":"Unbounce","uptrends.com":"Uptrends","usabilitysciences.com":"Usability Sciences","webiqonline.com":"Usability Sciences","uservoice.com":"UserVoice","verticalacuity.com":"Vertical Acuity","vgwort.de":"VG WORT","videologygroup.com":"Videology","tidaltv.com":"Videology","viewbix.com":"Viewbix","qoof.com":"Viewbix","vimeo.com":"Vimeo","vimeocdn.com":"Vimeo","vindicogroup.com":"VINDICO","vindicosuite.com":"VINDICO","voice2page.com":"Voice2Page","websitealive.com":"WebsiteAlive","websitealive0.com":"WebsiteAlive","websitealive1.com":"WebsiteAlive","websitealive2.com":"WebsiteAlive","websitealive3.com":"WebsiteAlive","websitealive4.com":"WebsiteAlive","websitealive5.com":"WebsiteAlive","websitealive6.com":"WebsiteAlive","websitealive7.com":"WebsiteAlive","websitealive8.com":"WebsiteAlive","websitealive9.com":"WebsiteAlive","wingify.com":"Wingify","vwo.com":"Wingify","visualwebsiteoptimizer.com":"Wingify","zendesk.com":"Zendesk","zopim.com":"Zopim","addthis.com":"AddThis","addthiscdn.com":"AddThis","addthisedge.com":"AddThis","clearspring.com":"AddThis","connectedads.net":"AddThis","xgraph.com":"AddThis","xgraph.net":"AddThis","causes.com":"Causes","digg.com":"Digg","linkedin.com":"LinkedIn","licdn.com":"LinkedIn","addtoany.com":"Lockerz","lockerz.com":"Lockerz","mail.ru":"Mail.Ru","list.ru":"Mail.Ru","meebo.com":"Meebo","meebocdn.net":"Meebo","papayamobile.com":"Papaya","reddit.com":"reddit","redditmedia.com":"reddit","redditstatic.com":"reddit","sharethis.com":"ShareThis","shareaholic.com":"Shareaholic","buzzster.com":"Shareaholic","stumbleupon.com":"StumbleUpon","stumble-upon.com":"StumbleUpon","vk.com":"VKontakte","userapi.com":"VKontakte","vkontakte.ru":"VKontakte","brightroll.com":"Oath","buildseries.com":"Oath","yuilibrary.com":"Oath","tumblr.com":"Oath","yahoo.com":"Oath","yahoostudios.com":"Oath","aol.com":"Oath","adsonar.com":"Oath","advertising.com":"Oath","atwola.com":"Oath","leadback.com":"Oath","tacoda.net":"Oath","5min.com":"Oath","aim.com":"Oath","aolcdn.com":"Oath","aoltechguru.com":"Oath","autoblog.com":"Oath","cambio.com":"Oath","dailyfinance.com":"Oath","editions.com":"Oath","engadget.com":"Oath","games.com":"Oath","homesessive.com":"Oath","huffingtonpost.com":"Oath","makers.com":"Oath","mandatory.com":"Oath","mapquest.com":"Oath","moviefone.com":"Oath","noisecreep.com":"Oath","patch.com":"Oath","pawnation.com":"Oath","shortcuts.com":"Oath","shoutcast.com":"Oath","spinner.com":"Oath","stylelist.com":"Oath","stylemepretty.com":"Oath","surphace.com":"Oath","techcrunch.com":"Oath","theboombox.com":"Oath","theboot.com":"Oath","userplane.com":"Oath","winamp.com":"Oath","oath.com":"Oath","compuserve.com":"Oath","convertro.com":"Oath","ryot.org":"Oath","rivals.com":"Oath","vidible.tv":"Oath","analytics.yahoo.com":"Oath","fc.yahoo.com":"Oath","btrll.com":"Oath","adinterax.com":"Oath","adrevolver.com":"Oath","bluelithium.com":"Oath","interclick.com":"Oath","mybloglog.com":"Oath","overture.com":"Oath","rightmedia.com":"Oath","rmxads.com":"Oath","rocketmail.com":"Oath","secure-adserver.com":"Oath","staticflickr.com":"Oath","yahooapis.com":"Oath","yahoofs.com":"Oath","yieldmanager.com":"Oath","yieldmanager.net":"Oath","yimg.com":"Oath","yldmgrimg.net":"Oath","ymail.com":"Oath","zenfs.com":"Oath","yimg.jp":"Oath","yahooapis.jp":"Oath","flurry.com":"Oath","dapper.net":"Oath","luminate.com":"Oath","pixazza.com":"Oath","b.aol.com":"Oath","o.sa.aol.com":"Oath","o.aolcdn.com":"Oath","adtechjp.com":"Oath"}